{
  "bot-name": "PRINCE-MDXI",
  "description": "ᴊᴀᴠᴀsᴄʀɪᴘᴛ ᴡʜᴀᴛsᴀᴘᴘ ʙᴏᴛ ᴄʀᴇᴀᴛᴇᴅ ʙʏ ᴘʀɪɴᴄᴇ ᴛᴇᴄʜ",
  "logo": "https://raw.githubusercontent.com/Mayelprince/url/main/url/1264.jpg",
  "keywords": ["bot"],
  "documentation-link": "https://princeweb.onrender.com",
  "owner-verification": "princemayel99@gmail.com",
  
  "env": {
    "SESSION_ID": {
      "description": "Must Start with 'PRINCE-MDX~'",
      "required": true,
      "value": ""
    },  
    "MODE": {
      "description": "Set private/public/inbox/groups",
      "required": false,
      "value": "public"
    },
    "OWNER_NAME": {
      "description": "Put Owner Name Here",
      "required": true,
      "value": "Prince Tech"
    },
    "OWNER_NUMBER": {
      "description": "Put only one Owner Number Here",
      "required": true,
      "value": "237677224245"
    },
    
   
    "PREFIX": {
      "description": "Your Bot Prefix (default: .) You can put your own custom prefix",
      "required": true,
      "value": "."
    }
  }
}
