{"noiseKey":{"private":{"type":"Buffer","data":"KLEtDvfibMg+Nbrm6AH4oc4tAYnn6uGAWJvHSKOly2A="},"public":{"type":"Buffer","data":"m3q7eugvwHyHE78ZPBWrmKLV+X3w2YTli11d1bD8rmk="}},"pairingEphemeralKeyPair":{"private":{"type":"Buffer","data":"8HsiR2TiNRQn08yCZb5tbA3GTVpk2XjE2pqOYep34kA="},"public":{"type":"Buffer","data":"K1xKivqTvAp/9l+UzZ8os5QhTgsKdzW6pjRq21cFjVc="}},"signedIdentityKey":{"private":{"type":"Buffer","data":"EFVcpYUcagYrysnxG52UXlxuTs8Wvn4QB1w0oBmPwVA="},"public":{"type":"Buffer","data":"zSDDAcqNczeLJoALAMGUSFjTurtoI6arsRQavjRWbXE="}},"signedPreKey":{"keyPair":{"private":{"type":"Buffer","data":"KCOCTjIalf5Zbp/DiwWZGxEKKv3OGnzqIvCV0l6WSUU="},"public":{"type":"Buffer","data":"Ve0U1gybYIl6rJhe+PF6lDwF5skZvd1MD2IrpdaeiB8="}},"signature":{"type":"Buffer","data":"4CZVPLAjGYnKxo202LAzt6h5hPi+S11RFEglOEf/tLmAJ2QBmjQxbgeHayrczs+0CTy2RTdHajfFK3Rp7IJNjg=="},"keyId":1},"registrationId":34,"advSecretKey":"uBwxsF/Jfq7Jsk7xdn5KGnSScPBHDobosGWVAtjHQdY=","processedHistoryMessages":[{"key":{"remoteJid":"233554712972@s.whatsapp.net","fromMe":true,"id":"3A0DD898FAFEA3455FB3"},"messageTimestamp":1751436765}],"nextPreKeyId":31,"firstUnuploadedPreKeyId":31,"accountSyncCounter":1,"accountSettings":{"unarchiveChats":false},"registered":true,"pairingCode":"P5V7DN8P","me":{"id":"233554712972:3@s.whatsapp.net","lid":"183468638093493:3@lid","name":"🫵🏿"},"account":{"details":"CIKMzuQOENKbk8MGGAEgACgA","accountSignatureKey":"4KSVW16Ong8u5rtqJJPU5QeE2SoH1L5OfjkY1WkQ71k=","accountSignature":"RmZi1rpiivWmS4rjzHp95HIeO5I9R8caIKcvYYLoBKUrEYbwwd2OKDn2pouEsF51XnvsggalP239G0PtX8IbiQ==","deviceSignature":"ZkxUcWXq04cPNmnmqsNySVWTTiTAj/W8qhrsEm+60Xjfd2SNtGwPg38hR+wq6SlGVjRD3atIE5X+whdIY8mNhg=="},"signalIdentities":[{"identifier":{"name":"233554712972:3@s.whatsapp.net","deviceId":0},"identifierKey":{"type":"Buffer","data":"BeCklVtejp4PLua7aiST1OUHhNkqB9S+Tn45GNVpEO9Z"}}],"platform":"iphone","routingInfo":{"type":"Buffer","data":"CBIIAg=="},"lastAccountSyncTimestamp":1751436756,"lastPropHash":"3gPUJk","myAppStateKeyId":"AAAAABXb"}