{"noiseKey":{"private":{"type":"Buffer","data":"IDTlASUTUVJ+7087u1ZWsxBUigg9P9uN1vY9CzkEWWA="},"public":{"type":"Buffer","data":"GyH13rMsA6t/oKlqt80REdcyA1i/1f+7P2PQ1g5TKhI="}},"pairingEphemeralKeyPair":{"private":{"type":"Buffer","data":"gK0aqIfUAqj5SLpEDp3u0cwAldmnnDvTyob3nrH0/Ew="},"public":{"type":"Buffer","data":"AOXY1/ljpmnPW8UQaAo6LwbgZj8cCSszyONfbR497ng="}},"signedIdentityKey":{"private":{"type":"Buffer","data":"0IMnpQKMOnjqIfFApIvFRT9G1IIM2Fg59XB+xoU0O2E="},"public":{"type":"Buffer","data":"Jv62HN4oIyIB1bkfT2IQ5ZcA4E+UH4oTYHX9edEMYhI="}},"signedPreKey":{"keyPair":{"private":{"type":"Buffer","data":"uIXVRGJRXSSpowZzSDwEs2xEzj525A7MkBqBTzTfGW8="},"public":{"type":"Buffer","data":"9t33uKQ1EYvv6KKlaTljaNZnxODYdPwSPy5fx2nNxlY="}},"signature":{"type":"Buffer","data":"uX9HnDGWIHDZhUERmjZ6G5d/oul5K35S/uXMk24bMzfOsbxGaWUkzTTv4dB109dy812bYN6cNVvMVhmahS1DCg=="},"keyId":1},"registrationId":58,"advSecretKey":"st/Ljet0/72K/Ut3w+TrpsAw0nRfoBXlUO9U+P9QYtM=","processedHistoryMessages":[],"nextPreKeyId":31,"firstUnuploadedPreKeyId":31,"accountSyncCounter":0,"accountSettings":{"unarchiveChats":false},"registered":true,"pairingCode":"R3DM8ZYS","me":{"id":"2348084791380:48@s.whatsapp.net","lid":"271639870742661:48@lid"},"account":{"details":"COrIycMBENGLnMMGGAMgACgA","accountSignatureKey":"UbKQ1n82z1lTl2jHodA5QUBZDykWOCwUKasBeVsn7Qk=","accountSignature":"Fc7mLpAxAO6R3DNf36F5q1jX7GMnB/Ck/Q81iJryMirIaW7eW5NJ0vkXvr1fNKyeoMXy0JiXt3WfKMT54eWwDA==","deviceSignature":"1SymJeL3P9m+IiAIBk4P3VEKgXbzdeDyvqgpxdxL6g9pQuvBSIa3F9TD+SvvphjMBmx/7nAfDg5tdEMSVMUVDQ=="},"signalIdentities":[{"identifier":{"name":"2348084791380:48@s.whatsapp.net","deviceId":0},"identifierKey":{"type":"Buffer","data":"BVGykNZ/Ns9ZU5dox6HQOUFAWQ8pFjgsFCmrAXlbJ+0J"}}],"platform":"android","routingInfo":{"type":"Buffer","data":"CBIIDQ=="},"lastAccountSyncTimestamp":1751582164,"lastPropHash":"2P1Yhf"}